{"cameraMode":{"drawMode":0,"name":"Shaded","section":"Shading Mode"},"sceneLighting":false,"audioPlay":false,"sceneViewState":{"showFog":true,"showMaterialUpdate":false,"showSkybox":false,"showFlares":true,"showImageEffects":true,"showParticleSystems":true},"in2DMode":false,"pivot":{"x":75.9828872680664,"y":33.15188980102539,"z":132.9718017578125},"rotation":{"x":0.023887883871793748,"y":-0.1845790445804596,"z":0.0045022363774478439,"w":0.982568621635437},"size":9.629890441894532,"orthographic":false}