{"cameraMode":{"drawMode":0,"name":"Shaded","section":"Shading Mode"},"sceneLighting":false,"audioPlay":false,"sceneViewState":{"showFog":true,"showMaterialUpdate":false,"showSkybox":false,"showFlares":true,"showImageEffects":true,"showParticleSystems":true},"in2DMode":false,"pivot":{"x":92.96763610839844,"y":0.9633018970489502,"z":80.00668334960938},"rotation":{"x":-0.0012787802843376995,"y":0.9972361922264099,"z":-0.07223562151193619,"w":-0.017651857808232309},"size":1.617501974105835,"orthographic":false}